run_ts,model,scenario,mode,write_cl,read_cl,verify_cl,iterations,triggered,violations,violation_rate,errors,error_rate,delay_ms,jitter_ms,topology,extra
2026-09-20T06:38:05+00:00,ryw,normal,natural,ONE,ONE,-,100,100,0,0.0000,0,0.0000,0.0,0.0,"running=cass1/cass2/cass3 un=cass1:3,cass2:3,cass3:3 delay=0.0ms",read_none=0 read_stale=0 w_node=1 r_node=2
2026-09-20T06:38:09+00:00,ryw,normal,natural,ONE,QUORUM,-,100,100,0,0.0000,0,0.0000,0.0,0.0,"running=cass1/cass2/cass3 un=cass1:3,cass2:3,cass3:3 delay=0.0ms",read_none=0 read_stale=0 w_node=1 r_node=2
2026-09-20T06:38:12+00:00,ryw,normal,natural,QUORUM,QUORUM,-,100,100,0,0.0000,0,0.0000,0.0,0.0,"running=cass1/cass2/cass3 un=cass1:3,cass2:3,cass3:3 delay=0.0ms",read_none=0 read_stale=0 w_node=1 r_node=2
2026-09-20T06:38:16+00:00,ryw,normal,natural,ALL,ONE,-,100,100,0,0.0000,0,0.0000,0.0,0.0,"running=cass1/cass2/cass3 un=cass1:3,cass2:3,cass3:3 delay=0.0ms",read_none=0 read_stale=0 w_node=1 r_node=2
2026-09-20T06:38:20+00:00,ryw,normal,natural,ONE,ONE,-,100,100,96,0.9600,0,0.0000,10.0,0.0,"running=cass1/cass2/cass3 un=cass1:3,cass2:3,cass3:3 delay=10.0ms",read_none=96 read_stale=0 w_node=1 r_node=2
2026-09-20T06:38:28+00:00,ryw,normal,natural,ONE,QUORUM,-,100,100,1,0.0100,0,0.0000,10.0,0.0,"running=cass1/cass2/cass3 un=cass1:3,cass2:3,cass3:3 delay=10.0ms",read_none=1 read_stale=0 w_node=1 r_node=2
2026-09-20T06:38:36+00:00,ryw,normal,natural,QUORUM,QUORUM,-,100,100,0,0.0000,0,0.0000,10.0,0.0,"running=cass1/cass2/cass3 un=cass1:3,cass2:3,cass3:3 delay=10.0ms",read_none=0 read_stale=0 w_node=1 r_node=2
2026-09-20T06:38:42+00:00,ryw,normal,natural,ALL,ONE,-,100,100,0,0.0000,0,0.0000,10.0,0.0,"running=cass1/cass2/cass3 un=cass1:3,cass2:3,cass3:3 delay=10.0ms",read_none=0 read_stale=0 w_node=1 r_node=2
2026-09-20T06:38:47+00:00,ryw,normal,natural,ONE,ONE,-,100,100,100,1.0000,0,0.0000,20.0,0.0,"running=cass1/cass2/cass3 un=cass1:3,cass2:3,cass3:3 delay=20.0ms",read_none=100 read_stale=0 w_node=1 r_node=2
2026-09-20T06:38:59+00:00,ryw,normal,natural,ONE,QUORUM,-,100,100,6,0.0600,0,0.0000,20.0,0.0,"running=cass1/cass2/cass3 un=cass1:3,cass2:3,cass3:3 delay=20.0ms",read_none=6 read_stale=0 w_node=1 r_node=2
2026-09-20T06:39:13+00:00,ryw,normal,natural,QUORUM,QUORUM,-,100,100,0,0.0000,0,0.0000,20.0,0.0,"running=cass1/cass2/cass3 un=cass1:3,cass2:3,cass3:3 delay=20.0ms",read_none=0 read_stale=0 w_node=1 r_node=2
2026-09-20T06:39:22+00:00,ryw,normal,natural,ALL,ONE,-,100,100,0,0.0000,0,0.0000,20.0,0.0,"running=cass1/cass2/cass3 un=cass1:3,cass2:3,cass3:3 delay=20.0ms",read_none=0 read_stale=0 w_node=1 r_node=2
2026-09-20T06:39:27+00:00,ryw,normal,natural,ONE,ONE,-,100,100,100,1.0000,0,0.0000,50.0,0.0,"running=cass1/cass2/cass3 un=cass1:3,cass2:3,cass3:3 delay=50.0ms",read_none=100 read_stale=0 w_node=1 r_node=2
2026-09-20T06:39:49+00:00,ryw,normal,natural,ONE,QUORUM,-,100,100,5,0.0500,0,0.0000,50.0,0.0,"running=cass1/cass2/cass3 un=cass1:3,cass2:3,cass3:3 delay=50.0ms",read_none=5 read_stale=0 w_node=1 r_node=2
2026-09-20T06:40:15+00:00,ryw,normal,natural,QUORUM,QUORUM,-,100,100,0,0.0000,0,0.0000,50.0,0.0,"running=cass1/cass2/cass3 un=cass1:3,cass2:3,cass3:3 delay=50.0ms",read_none=0 read_stale=0 w_node=1 r_node=2
2026-09-20T06:40:29+00:00,ryw,normal,natural,ALL,ONE,-,100,100,0,0.0000,0,0.0000,50.0,0.0,"running=cass1/cass2/cass3 un=cass1:3,cass2:3,cass3:3 delay=50.0ms",read_none=0 read_stale=0 w_node=1 r_node=2
2026-09-20T06:40:34+00:00,ryw,normal,natural,ONE,ONE,-,100,100,100,1.0000,0,0.0000,100.0,0.0,"running=cass1/cass2/cass3 un=cass1:3,cass2:3,cass3:3 delay=100.0ms",read_none=100 read_stale=0 w_node=1 r_node=2
2026-09-20T06:41:16+00:00,ryw,normal,natural,ONE,QUORUM,-,100,100,2,0.0200,0,0.0000,100.0,0.0,"running=cass1/cass2/cass3 un=cass1:3,cass2:3,cass3:3 delay=100.0ms",read_none=2 read_stale=0 w_node=1 r_node=2
2026-09-20T06:42:01+00:00,ryw,normal,natural,QUORUM,QUORUM,-,100,100,0,0.0000,0,0.0000,100.0,0.0,"running=cass1/cass2/cass3 un=cass1:3,cass2:3,cass3:3 delay=100.0ms",read_none=0 read_stale=0 w_node=1 r_node=2
2026-09-20T06:42:26+00:00,ryw,normal,natural,ALL,ONE,-,100,100,0,0.0000,0,0.0000,100.0,0.0,"running=cass1/cass2/cass3 un=cass1:3,cass2:3,cass3:3 delay=100.0ms",read_none=0 read_stale=0 w_node=1 r_node=2