run_ts,model,scenario,mode,write_cl,read_cl,verify_cl,iterations,triggered,violations,violation_rate,errors,error_rate,topology,extra
2026-09-12T13:26:24+00:00,ryw,normal,natural,ONE,ONE,-,200,200,200,1.0000,0,0.0000,"running=cass1/cass2/cass3 un=cass1:3,cass2:3,cass3:3",read_none=200 read_stale=0 w_node=1 r_node=2
2026-09-12T13:28:22+00:00,mr,normal,natural,ONE,ONE,-,200,200,200,1.0000,0,0.0000,"running=cass1/cass2/cass3 un=cass1:3,cass2:3,cass3:3",seed_cl=ALL back_to_none=0 back_to_older=200 path=node1->node2
2026-09-12T13:31:45+00:00,mw,normal,natural,ONE,ONE,ALL,200,200,0,0.0000,0,0.0000,"running=cass1/cass2/cass3 un=cass1:3,cass2:3,cass3:3",W1_wins=0 neither_visible=0 skew_us=0 path=node2->node3
2026-09-12T13:34:55+00:00,mw,normal,skew,ONE,ONE,ALL,200,200,200,1.0000,0,0.0000,"running=cass1/cass2/cass3 un=cass1:3,cass2:3,cass3:3",W1_wins=200 neither_visible=0 skew_us=500000 path=node2->node3
2026-09-12T13:40:00+00:00,wfr,normal,natural,ONE,ONE,ALL,200,3,0,0.0000,0,0.0000,"running=cass1/cass2/cass3 un=cass1:3,cass2:3,cass3:3",stale_trigger=197 read_none=0 client_write_lost=0 skew_us=0 mean_gap_us=495111 skew_too_small=0 setup_cl=ALL
2026-09-12T13:44:37+00:00,wfr,normal,skew,ONE,ONE,ALL,200,200,200,1.0000,0,0.0000,"running=cass1/cass2/cass3 un=cass1:3,cass2:3,cass3:3",stale_trigger=0 read_none=0 client_write_lost=200 skew_us=5000000 mean_gap_us=919735 skew_too_small=0 setup_cl=ALL
2026-09-12T13:46:59+00:00,ryw,normal,natural,ONE,QUORUM,-,200,200,60,0.3000,0,0.0000,"running=cass1/cass2/cass3 un=cass1:3,cass2:3,cass3:3",read_none=60 read_stale=0 w_node=1 r_node=2
2026-09-12T13:51:40+00:00,mr,normal,natural,ONE,QUORUM,-,200,200,0,0.0000,0,0.0000,"running=cass1/cass2/cass3 un=cass1:3,cass2:3,cass3:3",seed_cl=ALL back_to_none=0 back_to_older=0 path=node1->node2
2026-09-12T13:54:44+00:00,mw,normal,natural,ONE,QUORUM,ALL,200,200,0,0.0000,0,0.0000,"running=cass1/cass2/cass3 un=cass1:3,cass2:3,cass3:3",W1_wins=0 neither_visible=0 skew_us=0 path=node2->node3
2026-09-12T13:57:47+00:00,mw,normal,skew,ONE,QUORUM,ALL,200,200,200,1.0000,0,0.0000,"running=cass1/cass2/cass3 un=cass1:3,cass2:3,cass3:3",W1_wins=200 neither_visible=0 skew_us=500000 path=node2->node3
2026-09-12T14:04:46+00:00,wfr,normal,natural,ONE,QUORUM,ALL,200,162,0,0.0000,0,0.0000,"running=cass1/cass2/cass3 un=cass1:3,cass2:3,cass3:3",stale_trigger=38 read_none=0 client_write_lost=0 skew_us=0 mean_gap_us=1180750 skew_too_small=0 setup_cl=ALL
2026-09-12T14:10:42+00:00,wfr,normal,skew,ONE,QUORUM,ALL,200,200,200,1.0000,0,0.0000,"running=cass1/cass2/cass3 un=cass1:3,cass2:3,cass3:3",stale_trigger=0 read_none=0 client_write_lost=200 skew_us=5000000 mean_gap_us=1325328 skew_too_small=0 setup_cl=ALL
2026-09-12T14:13:25+00:00,ryw,normal,natural,QUORUM,QUORUM,-,200,200,0,0.0000,0,0.0000,"running=cass1/cass2/cass3 un=cass1:3,cass2:3,cass3:3",read_none=0 read_stale=0 w_node=1 r_node=2
2026-09-12T14:18:57+00:00,mr,normal,natural,QUORUM,QUORUM,-,200,200,0,0.0000,0,0.0000,"running=cass1/cass2/cass3 un=cass1:3,cass2:3,cass3:3",seed_cl=ALL back_to_none=0 back_to_older=0 path=node1->node2
2026-09-12T14:23:01+00:00,mw,normal,natural,QUORUM,QUORUM,ALL,200,200,0,0.0000,0,0.0000,"running=cass1/cass2/cass3 un=cass1:3,cass2:3,cass3:3",W1_wins=0 neither_visible=0 skew_us=0 path=node2->node3
2026-09-12T14:27:01+00:00,mw,normal,skew,QUORUM,QUORUM,ALL,200,200,200,1.0000,0,0.0000,"running=cass1/cass2/cass3 un=cass1:3,cass2:3,cass3:3",W1_wins=200 neither_visible=0 skew_us=500000 path=node2->node3
2026-09-12T14:33:55+00:00,wfr,normal,natural,QUORUM,QUORUM,ALL,200,200,0,0.0000,0,0.0000,"running=cass1/cass2/cass3 un=cass1:3,cass2:3,cass3:3",stale_trigger=0 read_none=0 client_write_lost=0 skew_us=0 mean_gap_us=1236192 skew_too_small=0 setup_cl=ALL
2026-09-12T14:41:04+00:00,wfr,normal,skew,QUORUM,QUORUM,ALL,200,200,200,1.0000,0,0.0000,"running=cass1/cass2/cass3 un=cass1:3,cass2:3,cass3:3",stale_trigger=0 read_none=0 client_write_lost=200 skew_us=5000000 mean_gap_us=1315174 skew_too_small=0 setup_cl=ALL
2026-09-12T14:42:40+00:00,ryw,normal,natural,ALL,ONE,-,200,200,0,0.0000,0,0.0000,"running=cass1/cass2/cass3 un=cass1:3,cass2:3,cass3:3",read_none=0 read_stale=0 w_node=1 r_node=2
2026-09-12T14:45:48+00:00,mr,normal,natural,ALL,ONE,-,200,200,0,0.0000,0,0.0000,"running=cass1/cass2/cass3 un=cass1:3,cass2:3,cass3:3",seed_cl=ALL back_to_none=0 back_to_older=0 path=node1->node2
2026-09-12T14:50:19+00:00,mw,normal,natural,ALL,ONE,ALL,200,200,0,0.0000,0,0.0000,"running=cass1/cass2/cass3 un=cass1:3,cass2:3,cass3:3",W1_wins=0 neither_visible=0 skew_us=0 path=node2->node3
2026-09-12T14:54:49+00:00,mw,normal,skew,ALL,ONE,ALL,200,200,200,1.0000,0,0.0000,"running=cass1/cass2/cass3 un=cass1:3,cass2:3,cass3:3",W1_wins=200 neither_visible=0 skew_us=500000 path=node2->node3
2026-09-12T15:00:57+00:00,wfr,normal,natural,ALL,ONE,ALL,200,200,0,0.0000,0,0.0000,"running=cass1/cass2/cass3 un=cass1:3,cass2:3,cass3:3",stale_trigger=0 read_none=0 client_write_lost=0 skew_us=0 mean_gap_us=914603 skew_too_small=0 setup_cl=ALL
2026-09-12T15:07:01+00:00,wfr,normal,skew,ALL,ONE,ALL,200,200,200,1.0000,0,0.0000,"running=cass1/cass2/cass3 un=cass1:3,cass2:3,cass3:3",stale_trigger=0 read_none=0 client_write_lost=200 skew_us=5000000 mean_gap_us=903958 skew_too_small=0 setup_cl=ALL
