run_ts,model,scenario,mode,write_cl,read_cl,verify_cl,iterations,triggered,violations,violation_rate,errors,error_rate,delay_ms,jitter_ms,topology,extra
2026-09-21T15:47:10+00:00,ryw,normal,natural,ONE,QUORUM,-,100,100,0,0.0000,0,0.0000,0.0,0.0,"running=cass1/cass2/cass3 un=cass1:3,cass2:3,cass3:3 delay=0.0ms",read_none=0 read_stale=0 w_node=1 r_node=2
2026-09-21T15:47:14+00:00,ryw,normal,natural,QUORUM,QUORUM,-,100,100,0,0.0000,0,0.0000,0.0,0.0,"running=cass1/cass2/cass3 un=cass1:3,cass2:3,cass3:3 delay=0.0ms",read_none=0 read_stale=0 w_node=1 r_node=2
2026-09-21T15:47:18+00:00,ryw,normal,natural,ALL,ONE,-,100,100,0,0.0000,0,0.0000,0.0,0.0,"running=cass1/cass2/cass3 un=cass1:3,cass2:3,cass3:3 delay=0.0ms",read_none=0 read_stale=0 w_node=1 r_node=2
2026-09-21T15:47:24+00:00,ryw,normal,natural,ONE,ONE,-,100,100,75,0.7500,0,0.0000,5.0,0.0,"running=cass1/cass2/cass3 un=cass1:3,cass2:3,cass3:3 delay=5.0ms",read_none=75 read_stale=0 w_node=1 r_node=2
2026-09-21T15:47:31+00:00,ryw,normal,natural,ONE,QUORUM,-,100,100,4,0.0400,0,0.0000,5.0,0.0,"running=cass1/cass2/cass3 un=cass1:3,cass2:3,cass3:3 delay=5.0ms",read_none=4 read_stale=0 w_node=1 r_node=2
2026-09-21T15:47:38+00:00,ryw,normal,natural,QUORUM,QUORUM,-,100,100,0,0.0000,0,0.0000,5.0,0.0,"running=cass1/cass2/cass3 un=cass1:3,cass2:3,cass3:3 delay=5.0ms",read_none=0 read_stale=0 w_node=1 r_node=2
2026-09-21T15:47:44+00:00,ryw,normal,natural,ALL,ONE,-,100,100,0,0.0000,0,0.0000,5.0,0.0,"running=cass1/cass2/cass3 un=cass1:3,cass2:3,cass3:3 delay=5.0ms",read_none=0 read_stale=0 w_node=1 r_node=2
2026-09-21T15:47:51+00:00,ryw,normal,natural,ONE,ONE,-,100,100,98,0.9800,0,0.0000,10.0,0.0,"running=cass1/cass2/cass3 un=cass1:3,cass2:3,cass3:3 delay=10.0ms",read_none=98 read_stale=0 w_node=1 r_node=2
2026-09-21T15:47:59+00:00,ryw,normal,natural,ONE,QUORUM,-,100,100,1,0.0100,0,0.0000,10.0,0.0,"running=cass1/cass2/cass3 un=cass1:3,cass2:3,cass3:3 delay=10.0ms",read_none=1 read_stale=0 w_node=1 r_node=2
2026-09-21T15:48:08+00:00,ryw,normal,natural,QUORUM,QUORUM,-,100,100,0,0.0000,0,0.0000,10.0,0.0,"running=cass1/cass2/cass3 un=cass1:3,cass2:3,cass3:3 delay=10.0ms",read_none=0 read_stale=0 w_node=1 r_node=2
2026-09-21T15:48:15+00:00,ryw,normal,natural,ALL,ONE,-,100,100,0,0.0000,0,0.0000,10.0,0.0,"running=cass1/cass2/cass3 un=cass1:3,cass2:3,cass3:3 delay=10.0ms",read_none=0 read_stale=0 w_node=1 r_node=2
2026-09-21T15:48:20+00:00,ryw,normal,natural,ONE,ONE,-,100,100,100,1.0000,0,0.0000,15.0,0.0,"running=cass1/cass2/cass3 un=cass1:3,cass2:3,cass3:3 delay=15.0ms",read_none=100 read_stale=0 w_node=1 r_node=2
2026-09-21T15:48:31+00:00,ryw,normal,natural,ONE,QUORUM,-,100,100,7,0.0700,0,0.0000,15.0,0.0,"running=cass1/cass2/cass3 un=cass1:3,cass2:3,cass3:3 delay=15.0ms",read_none=7 read_stale=0 w_node=1 r_node=2
2026-09-21T15:48:42+00:00,ryw,normal,natural,QUORUM,QUORUM,-,100,100,0,0.0000,0,0.0000,15.0,0.0,"running=cass1/cass2/cass3 un=cass1:3,cass2:3,cass3:3 delay=15.0ms",read_none=0 read_stale=0 w_node=1 r_node=2
2026-09-21T15:48:50+00:00,ryw,normal,natural,ALL,ONE,-,100,100,0,0.0000,0,0.0000,15.0,0.0,"running=cass1/cass2/cass3 un=cass1:3,cass2:3,cass3:3 delay=15.0ms",read_none=0 read_stale=0 w_node=1 r_node=2
2026-09-21T15:48:56+00:00,ryw,normal,natural,ONE,ONE,-,100,100,100,1.0000,0,0.0000,20.0,0.0,"running=cass1/cass2/cass3 un=cass1:3,cass2:3,cass3:3 delay=20.0ms",read_none=100 read_stale=0 w_node=1 r_node=2
2026-09-21T15:49:09+00:00,ryw,normal,natural,ONE,QUORUM,-,100,100,3,0.0300,0,0.0000,20.0,0.0,"running=cass1/cass2/cass3 un=cass1:3,cass2:3,cass3:3 delay=20.0ms",read_none=3 read_stale=0 w_node=1 r_node=2
2026-09-21T15:49:22+00:00,ryw,normal,natural,QUORUM,QUORUM,-,100,100,0,0.0000,0,0.0000,20.0,0.0,"running=cass1/cass2/cass3 un=cass1:3,cass2:3,cass3:3 delay=20.0ms",read_none=0 read_stale=0 w_node=1 r_node=2
2026-09-21T15:49:31+00:00,ryw,normal,natural,ALL,ONE,-,100,100,0,0.0000,0,0.0000,20.0,0.0,"running=cass1/cass2/cass3 un=cass1:3,cass2:3,cass3:3 delay=20.0ms",read_none=0 read_stale=0 w_node=1 r_node=2
2026-09-21T15:49:37+00:00,ryw,normal,natural,ONE,ONE,-,100,100,100,1.0000,0,0.0000,50.0,0.0,"running=cass1/cass2/cass3 un=cass1:3,cass2:3,cass3:3 delay=50.0ms",read_none=100 read_stale=0 w_node=1 r_node=2
2026-09-21T15:50:00+00:00,ryw,normal,natural,ONE,QUORUM,-,100,100,5,0.0500,0,0.0000,50.0,0.0,"running=cass1/cass2/cass3 un=cass1:3,cass2:3,cass3:3 delay=50.0ms",read_none=5 read_stale=0 w_node=1 r_node=2
2026-09-21T15:50:25+00:00,ryw,normal,natural,QUORUM,QUORUM,-,100,100,0,0.0000,0,0.0000,50.0,0.0,"running=cass1/cass2/cass3 un=cass1:3,cass2:3,cass3:3 delay=50.0ms",read_none=0 read_stale=0 w_node=1 r_node=2
2026-09-21T15:50:40+00:00,ryw,normal,natural,ALL,ONE,-,100,100,0,0.0000,0,0.0000,50.0,0.0,"running=cass1/cass2/cass3 un=cass1:3,cass2:3,cass3:3 delay=50.0ms",read_none=0 read_stale=0 w_node=1 r_node=2
2026-09-21T15:50:45+00:00,ryw,normal,natural,ONE,ONE,-,100,100,100,1.0000,0,0.0000,100.0,0.0,"running=cass1/cass2/cass3 un=cass1:3,cass2:3,cass3:3 delay=100.0ms",read_none=100 read_stale=0 w_node=1 r_node=2
2026-09-21T15:51:24+00:00,ryw,normal,natural,ONE,QUORUM,-,100,100,7,0.0700,0,0.0000,100.0,0.0,"running=cass1/cass2/cass3 un=cass1:3,cass2:3,cass3:3 delay=100.0ms",read_none=7 read_stale=0 w_node=1 r_node=2
2026-09-21T15:52:09+00:00,ryw,normal,natural,QUORUM,QUORUM,-,100,100,0,0.0000,0,0.0000,100.0,0.0,"running=cass1/cass2/cass3 un=cass1:3,cass2:3,cass3:3 delay=100.0ms",read_none=0 read_stale=0 w_node=1 r_node=2
2026-09-21T15:52:34+00:00,ryw,normal,natural,ALL,ONE,-,100,100,0,0.0000,0,0.0000,100.0,0.0,"running=cass1/cass2/cass3 un=cass1:3,cass2:3,cass3:3 delay=100.0ms",read_none=0 read_stale=0 w_node=1 r_node=2
2026-09-21T15:52:40+00:00,ryw,normal,natural,ONE,ONE,-,100,100,100,1.0000,0,0.0000,200.0,0.0,"running=cass1/cass2/cass3 un=cass1:3,cass2:3,cass3:3 delay=200.0ms",read_none=100 read_stale=0 w_node=1 r_node=2
2026-09-21T15:53:50+00:00,ryw,normal,natural,ONE,QUORUM,-,100,100,12,0.1200,0,0.0000,200.0,0.0,"running=cass1/cass2/cass3 un=cass1:3,cass2:3,cass3:3 delay=200.0ms",read_none=12 read_stale=0 w_node=1 r_node=2
2026-09-21T15:55:17+00:00,ryw,normal,natural,QUORUM,QUORUM,-,100,100,0,0.0000,0,0.0000,200.0,0.0,"running=cass1/cass2/cass3 un=cass1:3,cass2:3,cass3:3 delay=200.0ms",read_none=0 read_stale=0 w_node=1 r_node=2
2026-09-21T15:56:04+00:00,ryw,normal,natural,ALL,ONE,-,100,100,0,0.0000,0,0.0000,200.0,0.0,"running=cass1/cass2/cass3 un=cass1:3,cass2:3,cass3:3 delay=200.0ms",read_none=0 read_stale=0 w_node=1 r_node=2
2026-09-21T15:56:09+00:00,ryw,normal,natural,ONE,ONE,-,100,100,100,1.0000,0,0.0000,400.0,0.0,"running=cass1/cass2/cass3 un=cass1:3,cass2:3,cass3:3 delay=400.0ms",read_none=100 read_stale=0 w_node=1 r_node=2
2026-09-21T15:58:35+00:00,ryw,normal,natural,ONE,QUORUM,-,100,100,15,0.1500,0,0.0000,400.0,0.0,"running=cass1/cass2/cass3 un=cass1:3,cass2:3,cass3:3 delay=400.0ms",read_none=15 read_stale=0 w_node=1 r_node=2
2026-09-21T16:01:21+00:00,ryw,normal,natural,QUORUM,QUORUM,-,100,100,0,0.0000,0,0.0000,400.0,0.0,"running=cass1/cass2/cass3 un=cass1:3,cass2:3,cass3:3 delay=400.0ms",read_none=0 read_stale=0 w_node=1 r_node=2
2026-09-21T16:02:47+00:00,ryw,normal,natural,ALL,ONE,-,100,100,0,0.0000,0,0.0000,400.0,0.0,"running=cass1/cass2/cass3 un=cass1:3,cass2:3,cass3:3 delay=400.0ms",read_none=0 read_stale=0 w_node=1 r_node=2
2026-09-21T16:02:53+00:00,ryw,normal,natural,ONE,ONE,-,100,100,100,1.0000,0,0.0000,800.0,0.0,"running=cass1/cass2/cass3 un=cass1:3,cass2:3,cass3:3 delay=800.0ms",read_none=100 read_stale=0 w_node=1 r_node=2
2026-09-21T16:07:19+00:00,ryw,normal,natural,ONE,QUORUM,-,100,100,24,0.2400,0,0.0000,800.0,0.0,"running=cass1/cass2/cass3 un=cass1:3,cass2:3,cass3:3 delay=800.0ms",read_none=24 read_stale=0 w_node=1 r_node=2
2026-09-21T16:12:46+00:00,ryw,normal,natural,QUORUM,QUORUM,-,100,100,0,0.0000,0,0.0000,800.0,0.0,"running=cass1/cass2/cass3 un=cass1:3,cass2:3,cass3:3 delay=800.0ms",read_none=0 read_stale=0 w_node=1 r_node=2
2026-09-21T16:15:31+00:00,ryw,normal,natural,ALL,ONE,-,100,100,0,0.0000,0,0.0000,800.0,0.0,"running=cass1/cass2/cass3 un=cass1:3,cass2:3,cass3:3 delay=800.0ms",read_none=0 read_stale=0 w_node=1 r_node=2
2026-09-21T16:28:47+00:00,ryw,normal,natural,ONE,ONE,-,100,100,7,0.0700,0,0.0000,0.0,0.0,"running=cass1/cass2/cass3 un=cass1:3,cass2:3,cass3:3 delay=0.0ms",read_none=7 read_stale=0 w_node=1 r_node=2
2026-09-21T16:28:51+00:00,ryw,normal,natural,ONE,QUORUM,-,100,100,0,0.0000,0,0.0000,0.0,0.0,"running=cass1/cass2/cass3 un=cass1:3,cass2:3,cass3:3 delay=0.0ms",read_none=0 read_stale=0 w_node=1 r_node=2
2026-09-21T16:28:54+00:00,ryw,normal,natural,QUORUM,QUORUM,-,100,100,0,0.0000,0,0.0000,0.0,0.0,"running=cass1/cass2/cass3 un=cass1:3,cass2:3,cass3:3 delay=0.0ms",read_none=0 read_stale=0 w_node=1 r_node=2
2026-09-21T16:28:58+00:00,ryw,normal,natural,ALL,ONE,-,100,100,0,0.0000,0,0.0000,0.0,0.0,"running=cass1/cass2/cass3 un=cass1:3,cass2:3,cass3:3 delay=0.0ms",read_none=0 read_stale=0 w_node=1 r_node=2
2026-09-21T16:31:24+00:00,ryw,normal,natural,ONE,ONE,-,100,100,6,0.0600,0,0.0000,0.0,0.0,"running=cass1/cass2/cass3 un=cass1:3,cass2:3,cass3:3 delay=0.0ms",read_none=6 read_stale=0 w_node=1 r_node=2
2026-09-21T16:31:28+00:00,ryw,normal,natural,ONE,QUORUM,-,100,100,0,0.0000,0,0.0000,0.0,0.0,"running=cass1/cass2/cass3 un=cass1:3,cass2:3,cass3:3 delay=0.0ms",read_none=0 read_stale=0 w_node=1 r_node=2
2026-09-21T16:31:32+00:00,ryw,normal,natural,QUORUM,QUORUM,-,100,100,0,0.0000,0,0.0000,0.0,0.0,"running=cass1/cass2/cass3 un=cass1:3,cass2:3,cass3:3 delay=0.0ms",read_none=0 read_stale=0 w_node=1 r_node=2
2026-09-21T16:31:35+00:00,ryw,normal,natural,ALL,ONE,-,100,100,0,0.0000,0,0.0000,0.0,0.0,"running=cass1/cass2/cass3 un=cass1:3,cass2:3,cass3:3 delay=0.0ms",read_none=0 read_stale=0 w_node=1 r_node=2
